sequence,reason
"[FATAL] Lustre mount FAILED : bglio<*> : point <*> [INFO] CE sym <*>, at <*>, mask <*> [FATAL] Lustre mount FAILED : bglio<*> : point <*> [INFO] ciod: pollControlDescriptors: Detected the debugger died. [INFO] ciod: In packet from node <*>.<*> (<*>), message code <*> is not <*> or <*> (softheader=<*> <*> <*> <*>) [INFO] <*> torus receiver y+ input pipe error(s) (dcr <*>) detected and corrected [INFO] <*> ddr errors(s) detected and corrected on rank <*>, symbol <*>, bit <*> [INFO] CE sym <*>, at <*>, mask <*> [FATAL] ciod: Error loading <*>: invalid or missing program image, No such file or directory [FATAL] ciod: Error reading message prefix after LOAD_MESSAGE on CioStream socket to <*>:<*>: Link has been severed","Storage mount failures, debugger crashes, and communication errors indicate severe system instability and possible hardware faults."
[INFO] generating core.<*> [INFO] generating core.<*> [FATAL] data storage interrupt [FATAL] data storage interrupt [FATAL] data storage interrupt [FATAL] data storage interrupt [FATAL] data storage interrupt [FATAL] data storage interrupt [FATAL] data storage interrupt [FATAL] data storage interrupt,"Repeated fatal data storage interrupts suggest a critical failure in the storage subsystem, preventing normal operations."
"[INFO] generating core.<*> [INFO] generating core.<*> [INFO] generating core.<*> [INFO] generating core.<*> [INFO] generating core.<*> [INFO] generating core.<*> [INFO] generating core.<*> [INFO] generating core.<*> [INFO] generating core.<*> [FATAL] rts: kernel terminated for reason <*>: bad message header: invalid cpu, type=<*>, cpu=<*>, index=<*>, total=<*>",Multiple core generations followed by a kernel termination due to bad message headers point to fatal communication or CPU assignment issues.
"[INFO] generating core.<*> [INFO] generating core.<*> [INFO] generating core.<*> [FATAL] ciod: failed to read message prefix on control stream (CioStream socket to <*>:<*> [INFO] instruction cache parity error corrected [INFO] generating core.<*> [INFO] CE sym <*>, at <*>, mask <*> [INFO] generating core.<*> [INFO] generating core.<*> [INFO] generating core.<*>",Core dumps combined with communication failures and instruction cache errors highlight memory corruption and network instability.
"[INFO] CE sym <*>, at <*>, mask <*> [FATAL] dbcr0=<*> dbsr=<*> ccr0=<*> [FATAL] ciod: Error reading message prefix on CioStream socket to <*>:<*>, Link has been severed [INFO] ciod: Received signal <*>, code=<*>, errno=<*>, address=<*> [FATAL] ciod: Error reading message prefix on CioStream socket to <*>:<*>, Link has been severed [INFO] ciod: Received signal <*>, code=<*>, errno=<*>, address=<*> [FATAL] ciod: Error reading message prefix on CioStream socket to <*>:<*>, Link has been severed [INFO] ciod: Received signal <*>, code=<*>, errno=<*>, address=<*> [INFO] ciod: Received signal <*>, code=<*>, errno=<*>, address=<*> [FATAL] ciod: Error reading message prefix on CioStream socket to <*>:<*>, Link has been severed",Severe repeated disconnections and hardware register faults indicate node communication breakdown and potential hardware damage.
"[INFO] CE sym <*>, at <*>, mask <*> [INFO] CE sym <*>, at <*>, mask <*> [INFO] ciod: generated <*> core files for program <*> [INFO] ciod: generated <*> core files for program <*> [FATAL] ciod: Error reading message prefix after LOAD_MESSAGE on CioStream socket to <*>:<*>: Link has been severed [INFO] data cache search parity error detected. attempting to correct [INFO] data cache search parity error detected. attempting to correct [INFO] data cache search parity error detected. attempting to correct [INFO] data cache search parity error detected. attempting to correct [INFO] data cache search parity error detected. attempting to correct",Multiple data cache parity errors and severed communication links show critical memory subsystem issues and system instability.
"[INFO] CE sym <*>, at <*>, mask <*> [INFO] total of <*> ddr error(s) detected and corrected [INFO] <*> ddr errors(s) detected and corrected on rank <*>, symbol <*>, bit <*> [INFO] CE sym <*>, at <*>, mask <*> [INFO] total of <*> ddr error(s) detected and corrected [INFO] CE sym <*>, at <*>, mask <*> [INFO] CE sym <*>, at <*>, mask <*> [INFO] CE sym <*>, at <*>, mask <*> [INFO] CE sym <*>, at <*>, mask <*> [FATAL] ciod: Error reading message prefix after LOAD_MESSAGE on CioStream socket to <*>:<*>: Link has been severed",Frequent correctable memory errors along with network disconnections suggest worsening hardware degradation and unstable operations.
[FATAL] data TLB error interrupt [FATAL] data TLB error interrupt [FATAL] data TLB error interrupt [FATAL] data TLB error interrupt [FATAL] data TLB error interrupt [FATAL] data TLB error interrupt [FATAL] data TLB error interrupt [FATAL] data TLB error interrupt [FATAL] data TLB error interrupt [FATAL] data TLB error interrupt,"Continuous fatal data TLB error interrupts indicate a major memory address translation failure, impacting system reliability."
[FATAL] data TLB error interrupt [FATAL] data TLB error interrupt [FATAL] data TLB error interrupt [FATAL] data TLB error interrupt [FATAL] data TLB error interrupt [FATAL] data TLB error interrupt [FATAL] data TLB error interrupt [FATAL] data TLB error interrupt [FATAL] data TLB error interrupt [FATAL] data TLB error interrupt,Persistent data TLB errors across multiple logs confirm a critical fault in memory management hardware.
[FATAL] data storage interrupt [FATAL] data address: <*> [FATAL] data address: <*> [FATAL] data storage interrupt [FATAL] data address: <*> [FATAL] machine check: i-fetch......................<*> [FATAL] data storage interrupt [FATAL] data storage interrupt [FATAL] data storage interrupt [FATAL] data storage interrupt,"Data storage interrupts, invalid memory addresses, and machine check errors indicate catastrophic memory and CPU subsystem failures."
"[INFO] iar <*> dear <*> [INFO] iar <*> dear <*> [INFO] iar <*> dear <*> [INFO] iar <*> dear <*> [INFO] iar <*> dear <*> [INFO] iar <*> dear <*> [INFO] iar <*> dear <*> [INFO] <*> floating point alignment exceptions [FATAL] Error receiving packet on tree network, expecting type <*> instead of type <*> (softheader=<*> <*> <*> <*>) PSR0=<*> PSR1=<*> PRXF=<*> PIXF=<*> [FATAL] program interrupt: privileged instruction...<*>",Floating point exceptions and network packet errors indicate serious data transmission and computation faults.
"[INFO] <*> L3 EDRAM error(s) (dcr <*>) detected and corrected [INFO] CE sym <*>, at <*>, mask <*> [INFO] CE sym <*>, at <*>, mask <*> [INFO] <*> ddr errors(s) detected and corrected on rank <*>, symbol <*>, bit <*> [INFO] CE sym <*>, at <*>, mask <*> [FATAL] rts: kernel terminated for reason <*> [INFO] iar <*> dear <*> [INFO] iar <*> dear <*> [INFO] iar <*> dear <*> [INFO] <*> floating point alignment exceptions",Memory and cache correctable errors combined with kernel termination suggest underlying hardware failures escalating to critical crashes.
[FATAL] instruction address: <*> [FATAL] instruction address: <*> [FATAL] instruction address: <*> [FATAL] data storage interrupt [FATAL] instruction address: <*> [FATAL] instruction address: <*> [FATAL] data address: <*> [FATAL] data address: <*> [FATAL] machine check: i-fetch......................<*> [FATAL] machine check: i-fetch......................<*>,"Frequent invalid instruction and data address faults, along with machine check errors, imply catastrophic CPU or memory corruption."
"[FATAL] ciod: Error loading /<*>: invalid or missing program image, Exec format error [FATAL] ciod: Error loading /<*>: invalid or missing program image, Exec format error [FATAL] ciod: LOGIN chdir(<*>) failed: No such file or directory [FATAL] ciod: LOGIN chdir(<*>) failed: No such file or directory [FATAL] ciod: Error loading <*>: invalid or missing program image, No such file or directory [FATAL] ciod: Error reading message prefix after LOAD_MESSAGE on CioStream socket to <*>:<*>: Link has been severed [INFO] ciod: Missing or invalid fields on line <*> of node map file /<*> [FATAL] rts: kernel terminated for reason <*> [FATAL] rts: kernel terminated for reason <*> [INFO] CE sym <*>, at <*>, mask <*>","Filesystem and job loader errors indicate missing binaries, filesystem corruption, and widespread system loading failures."
"[INFO] iar <*> dear <*> [INFO] <*> torus receiver z+ input pipe error(s) (dcr <*>) detected and corrected [INFO] CE sym <*>, at <*>, mask <*> [INFO] <*> L3 EDRAM error(s) (dcr <*>) detected and corrected [INFO] CE sym <*>, at <*>, mask <*> [INFO] CE sym <*>, at <*>, mask <*> [INFO] <*> ddr errors(s) detected and corrected on rank <*>, symbol <*>, bit <*> [INFO] CE sym <*>, at <*>, mask <*> [FATAL] rts: kernel terminated for reason <*> [INFO] iar <*> dear <*>","Memory, cache, and network errors show a high risk of node failure due to degraded hardware reliability."
"[INFO] <*> tree receiver <*> in re-synch state event(s) (dcr <*>) detected [FATAL] rts: kernel terminated for reason <*> [FATAL] Error receiving packet on tree network, expecting type <*> instead of type <*> (softheader=<*> <*> <*> <*>) PSR0=<*> PSR1=<*> PRXF=<*> PIXF=<*> [INFO] CE sym <*>, at <*>, mask <*> [INFO] CE sym <*>, at <*>, mask <*> [FATAL] ciod: Error loading /<*>: invalid or missing program image, Permission denied [INFO] CE sym <*>, at <*>, mask <*> [INFO] <*> ddr errors(s) detected and corrected on rank <*>, symbol <*>, bit <*> [INFO] instruction cache parity error corrected [INFO] CE sym <*>, at <*>, mask <*>",Tree network synchronization issues and packet mismatches suggest serious inter-node communication failures and hardware faults.
"[INFO] ciod: Received signal <*>, code=<*>, errno=<*>, address=<*> [FATAL] ciod: Error reading message prefix on CioStream socket to <*>:<*>, Connection reset by peer [INFO] ciod: Received signal <*>, code=<*>, errno=<*>, address=<*> [FATAL] ciod: Error reading message prefix on CioStream socket to <*>:<*>, Connection reset by peer [FATAL] ciod: Error reading message prefix on CioStream socket to <*>:<*>, Connection timed out [FATAL] ciod: Error reading message prefix on CioStream socket to <*>:<*>, Connection reset by peer [INFO] CE sym <*>, at <*>, mask <*> [FATAL] dbcr0=<*> dbsr=<*> ccr0=<*> [FATAL] ciod: Error reading message prefix on CioStream socket to <*>:<*>, Link has been severed [INFO] ciod: Received signal <*>, code=<*>, errno=<*>, address=<*>","Severe network disconnections, timed-out socket errors, and hardware faults are destabilizing node communications and operations."
"[INFO] generating core.<*> [INFO] CE sym <*>, at <*>, mask <*> [INFO] generating core.<*> [INFO] generating core.<*> [FATAL] data TLB error interrupt [FATAL] data TLB error interrupt [FATAL] data TLB error interrupt [FATAL] data TLB error interrupt [FATAL] data TLB error interrupt [FATAL] data TLB error interrupt","Frequent TLB errors and memory corruption point to major address translation failures, critically affecting system stability."
"[INFO] Node card VPD check: U<*> node in processor card slot J<*> do not match. VPD ecid <*>, found <*> [FATAL] rts: kernel terminated for reason <*> [FATAL] Error receiving packet on tree network, expecting type <*> instead of type <*> (softheader=<*> <*> <*> <*>) PSR0=<*> PSR1=<*> PRXF=<*> PIXF=<*> [FATAL] ciod: Error loading /<*>: invalid or missing program image, Permission denied [INFO] <*> torus sender z- retransmission error(s) (dcr <*>) detected and corrected over <*> seconds [INFO] <*> torus sender z- retransmission error(s) (dcr <*>) detected and corrected over <*> seconds [INFO] ciod: Received signal <*>, code=<*>, errno=<*>, address=<*> [INFO] ciod: Received signal <*>, code=<*>, errno=<*>, address=<*> [INFO] ciod: Received signal <*>, code=<*>, errno=<*>, address=<*> [INFO] CE sym <*>, at <*>, mask <*>",Hardware VPD mismatches and repeated communication packet failures point to hardware configuration or physical installation problems.
[FATAL] rts panic! - stopping execution [FATAL] rts panic! - stopping execution [INFO] generating core.<*> [INFO] generating core.<*> [INFO] generating core.<*> [INFO] generating core.<*> [INFO] generating core.<*> [INFO] generating core.<*> [INFO] generating core.<*> [INFO] generating core.<*>,"RTS panic and mass core file generation point to total system crash caused by fatal, unrecoverable internal errors."
[FATAL] data storage interrupt [FATAL] data storage interrupt [FATAL] data storage interrupt [FATAL] data storage interrupt [FATAL] data address: <*> [FATAL] instruction address: <*> [FATAL] exception syndrome register: <*> [FATAL] exception syndrome register: <*> [FATAL] exception syndrome register: <*> [FATAL] exception syndrome register: <*>,Multiple data storage and exception register errors indicate memory corruption and processor faults causing system instability.
"[FATAL] Error receiving packet on tree network, expecting type <*> instead of type <*> (softheader=<*> <*> <*> <*>) PSR0=<*> PSR1=<*> PRXF=<*> PIXF=<*> [INFO] critical input interrupt (unit=<*> bit=<*>): warning for torus z+ wire, suppressing further interrupts of same type [INFO] ciod: generated <*> core files for program <*> [INFO] Node card VPD check: U<*> node in processor card slot J<*> do not match. [FATAL] rts: kernel terminated for reason <*> [FATAL] Error receiving packet on tree network [FATAL] ciod: Error loading /<*>: invalid or missing program image, Permission denied","Repeated network packet failures, node mismatches, and program load issues suggest hardware wiring faults and filesystem corruption."
[FATAL] data address: <*> [FATAL] data address: <*> [FATAL] machine check: i-fetch......................<*> [FATAL] machine check: i-fetch......................<*> [FATAL] program interrupt: illegal instruction......<*> [FATAL] data storage interrupt [FATAL] data storage interrupt [FATAL] data storage interrupt [FATAL] data storage interrupt [FATAL] data storage interrupt,"Frequent memory and instruction fetch errors signal severe CPU or memory faults, causing illegal instruction execution."
"[FATAL] ciod: Error reading message prefix on CioStream socket to <*>:<*>, Link has been severed [FATAL] r24=<*> r25=<*> r26=<*> r27=<*> [INFO] ciod: Received signal <*>, code=<*>, errno=<*>, address=<*> [INFO] Node card VPD check: U<*> node in processor card slot J<*> do not match. [INFO] CE sym <*>, at <*>, mask <*>","Link severing, register dumps, and repeated hardware mismatch errors suggest physical node damage or severe communication errors."
"[INFO] CE sym <*>, at <*>, mask <*> [INFO] total of <*> ddr error(s) detected and corrected [INFO] CE sym <*>, at <*>, mask <*> [INFO] CE sym <*>, at <*>, mask <*> [FATAL] ciod: Error reading message prefix after LOAD_MESSAGE on CioStream socket to <*>:<*>: Link has been severed [INFO] ciod: generated <*> core files for program <*> [INFO] CE sym <*>, at <*>, mask <*>",Corrected DDR memory errors and link failures point to escalating memory hardware failures despite error correction attempts.
"[INFO] instruction cache parity error corrected [INFO] instruction cache parity error corrected [INFO] instruction cache parity error corrected [INFO] <*> double-hummer alignment exceptions [INFO] CE sym <*>, at <*>, mask <*> [FATAL] ciod: failed to read message prefix on control stream (CioStream socket to <*>:<*> [FATAL] ciod: failed to read message prefix on control stream (CioStream socket to <*>:<*>",Persistent instruction cache parity and alignment errors indicate severe memory and CPU cache corruption impacting system reliability.
"[FATAL] ciod: Error loading /<*>: invalid or missing program image, Permission denied [FATAL] ciod: Error loading <*>: invalid or missing program image, No such file or directory [INFO] <*> ddr error(s) detected and corrected on rank <*>, symbol <*> over <*> seconds [FATAL] ciod: LOGIN chdir(<*>) failed: Input/output error [FATAL] ciod: Error reading message prefix on CioStream socket to <*>:<*>, Link has been severed [INFO] critical input interrupt for torus z+ wire",Filesystem and memory loading failures combined with critical interrupts show both I/O subsystem corruption and hardware instability.
"[INFO] ciod: pollControlDescriptors: Detected the debugger died. [INFO] ciod: In packet from node <*>.<*> (<*>), message code <*> is not <*> or <*> [INFO] torus receiver y+ input pipe error(s) detected and corrected [FATAL] ciod: Error loading <*>: invalid or missing program image [FATAL] ciod: Error reading message prefix after LOAD_MESSAGE on CioStream socket","Debugger crashes, corrupted packets, and missing program loads indicate deep communication, memory, and application layer instability."
[FATAL] data TLB error interrupt [FATAL] data TLB error interrupt [FATAL] data TLB error interrupt [FATAL] data TLB error interrupt [FATAL] data TLB error interrupt [FATAL] data TLB error interrupt [FATAL] data TLB error interrupt [FATAL] data TLB error interrupt [FATAL] data TLB error interrupt [FATAL] data TLB error interrupt,"Massive data TLB fault spamming indicates a major page table or address translation failure, crippling system memory operations."
"[INFO] ciod: Received signal <*>, code=<*>, errno=<*>, address=<*> [FATAL] ciod: Error reading message prefix on CioStream socket to <*>:<*>, Connection timed out [FATAL] ciod: Error reading message prefix on CioStream socket to <*>:<*>, Connection reset by peer [INFO] ciod: Received signal <*>, code=<*>, errno=<*>, address=<*> [FATAL] ciod: Error reading message prefix on CioStream socket to <*>:<*>: Connection reset by peer","Severe connection resets, timeouts, and communication failures suggest network or interconnect hardware breakdown."
"[INFO] NFS Mount failed on bglio<*>, slept <*> seconds, retrying (<*>) [INFO] CE sym <*>, at <*>, mask <*> [INFO] <*> ddr errors(s) detected and corrected [FATAL] Lustre mount FAILED : bglio<*> : point <*> [FATAL] ciod: LOGIN chdir(<*>) failed: No such file or directory [FATAL] Lustre mount FAILED : bglio<*> : point <*>",Multiple storage mount failures and login errors indicate severe filesystem access problems and node instability.
"[FATAL] ciod: Error reading message prefix on CioStream socket to <*>:<*>, Link has been severed [INFO] ciod: Received signal <*>, code=<*>, errno=<*>, address=<*> [FATAL] r24=<*> r25=<*> r26=<*> r27=<*> [INFO] tree receiver <*> in re-synch state (dcr <*>) detected over <*> seconds [INFO] ciod: Received signal <*>, code=<*>, errno=<*>, address=<*>","Repeated severed links, hardware register dumps, and network re-synchronization issues suggest communication subsystem failures."
"[INFO] generating core.<*> [INFO] generating core.<*> [FATAL] ciod: Error loading <*>: invalid or missing program image, No such file or directory [FATAL] rts panic! - stopping execution [INFO] generating core.<*> [INFO] generating core.<*>",Core file generations and program loading failures followed by system panic indicate widespread memory and filesystem corruption.
"[INFO] generating core.<*> [INFO] generating core.<*> [INFO] generating core.<*> [INFO] generating core.<*> [FATAL] ciod: failed to read message prefix on control stream (CioStream socket to <*>:<*> [INFO] instruction cache parity error corrected [INFO] generating core.<*> [INFO] CE sym <*>, at <*>, mask <*>",Communication failures and cache errors combined with frequent core dumps indicate serious CPU or memory subsystem degradation.
"[INFO] CE sym <*>, at <*>, mask <*> [FATAL] rts: kernel terminated for reason <*> [FATAL] Error receiving packet on tree network, expecting type <*> instead of type <*> [INFO] critical input interrupt warning for torus z+ wire [INFO] Node card VPD check mismatch detected","Kernel termination, network packet errors, and node hardware mismatches suggest critical node hardware communication failures."
[FATAL] data storage interrupt [FATAL] data storage interrupt [FATAL] instruction address: <*> [FATAL] instruction address: <*> [FATAL] instruction address: <*> [FATAL] instruction address: <*> [INFO] generating core.<*>,Frequent instruction address and data storage faults indicate catastrophic memory corruption and CPU fetch failures.
"[INFO] ciod: generated core files [INFO] Node card VPD mismatch [FATAL] rts: kernel terminated for reason <*> [FATAL] Error receiving packet on tree network [FATAL] ciod: Error loading /<*>: invalid or missing program image, Permission denied [INFO] torus sender retransmission error detected","Node mismatch, retransmission errors, and program loading failures signal critical system hardware and filesystem corruption."
[FATAL] data TLB error interrupt [FATAL] data TLB error interrupt [FATAL] data TLB error interrupt [FATAL] data TLB error interrupt [FATAL] data TLB error interrupt [FATAL] data TLB error interrupt [FATAL] data TLB error interrupt,Massive repeated data TLB faults show complete memory management and page translation subsystem breakdown.
"[FATAL] ciod: Error reading message prefix after LOAD_MESSAGE on CioStream socket to <*>:<*>: Link has been severed [FATAL] Lustre mount FAILED : bglio<*> : point <*> [INFO] CE sym <*>, at <*>, mask <*> [INFO] Ido chip status changed with voltage issues [ERROR] Node card status has PGOOD and MPGOOD errors active","Severed communication links, failed Lustre mounts, and voltage errors point to power and storage subsystem instability."
"[INFO] CE sym <*>, at <*>, mask <*> [INFO] total of ddr error(s) detected [FATAL] ciod: Error reading message prefix after LOAD_MESSAGE on CioStream socket to <*>:<*>: Link has been severed [FATAL] ciod: Error loading /<*>: invalid or missing program image, Permission denied repeated multiple times","Massive filesystem loading failures, memory errors, and program loading errors indicate node and storage subsystem collapse."
[FATAL] data TLB error interrupt [FATAL] data TLB error interrupt ... (10 times total),"Massive repeated TLB errors indicate complete breakdown of memory address translation subsystem, critically affecting system operation."
"[FATAL] ciod: failed to read message prefix on control stream (CioStream socket to <*>:<*> [INFO] CE sym <*>, at <*>, mask <*> [INFO] generating core.<*> ... (core dumps repeated)",Failed control stream message reads combined with core dumps suggest network instability and repeated system crashes.
[FATAL] data TLB error interrupt [FATAL] data TLB error interrupt ... (10 times total),Heavy data TLB error spamming reflects systemic memory access issues causing major operational failures.
[FATAL] data TLB error interrupt [FATAL] data TLB error interrupt ... (10 times total),"Continuous TLB faults point to critical failure in memory management hardware, severely disrupting node stability."
[FATAL] data storage interrupt [FATAL] instruction address: <*> [FATAL] machine check: i-fetch......................<*> [FATAL] program interrupt: illegal instruction......<*>,"Illegal instruction fetches, invalid addresses, and machine checks indicate severe processor and memory faults leading to fatal interruptions."
"[INFO] ciod: generated core files [FATAL] ciod: Error reading message prefix after LOAD_MESSAGE [INFO] data cache search parity errors detected repeatedly [INFO] CE sym <*>, at <*>, mask <*>",Core dumps combined with severed communication links and repeated cache parity errors show critical system memory and communication degradation.
"[INFO] iar <*> dear <*> [INFO] NFS Mount failed on bglio<*>, slept <*> seconds, retrying (<*>) [INFO] CE sym <*>, at <*>, mask <*> [FATAL] Lustre mount FAILED : bglio<*> : point <*>","Frequent NFS mount failures, memory errors, and repeated core dumps point to mounting, storage, and memory subsystem instability."
[FATAL] data storage interrupt [FATAL] data address: <*> [FATAL] machine check: i-fetch......................<*> [FATAL] exception syndrome register: <*>,Frequent storage and memory address failures along with illegal instructions indicate catastrophic hardware and software corruption.
"[FATAL] ciod: failed to read message prefix on control stream [INFO] instruction cache parity error corrected [INFO] generating core.<*> [INFO] CE sym <*>, at <*>, mask <*>","Failed control stream reads, repeated core dumps, and memory parity corrections highlight major CPU-memory interconnect faults."
[INFO] generating core.<*> [INFO] generating core.<*> [INFO] generating core.<*> [FATAL] ciod: Error loading <*>: invalid or missing program image [FATAL] ciod: Error creating node map from file <*>: No child processes,"Core dumps, missing program images, and node map failures indicate file system corruption and severe job launch failures."
"[FATAL] ciod: Error reading message prefix after LOAD_MESSAGE... [FATAL] ciod: Error loading /<*>: invalid or missing program image, Permission denied (twice)",Repeated link severing and program load failures point to filesystem corruption and severe communication faults.
[FATAL] data TLB error interrupt (repeated 10 times),Massive repeated data TLB faults indicate total failure of address translation and memory management subsystem.
"[FATAL] ciod: Error reading message prefix after LOAD_MESSAGE... [INFO] CE sym <*>, at <*>, mask <*> [FATAL] ciod: Error loading /<*>: invalid or missing program image, Permission denied","Severed communication links, missing program images, and critical input errors indicate escalating node and storage instability."
[FATAL] instruction address: <*> [INFO] generating core.<*> (multiple times) [FATAL] data storage interrupt (twice),Instruction address faults and repeated data storage failures reveal critical CPU and memory corruption.
"[FATAL] Lustre mount FAILED : bglio<*> : point <*> (several times) [INFO] CE sym <*>, at <*>, mask <*> [INFO] Torus input pipe error detected and corrected",Frequent Lustre mount failures combined with network and memory errors show widespread storage and communication system breakdown.
"[INFO] ciod: Received signal <*>, address=<*> [FATAL] Lustre mount FAILED : bglio<*> [INFO] MACHINE CHECK DCR read timeout","Repeated system signals, Lustre failures, and machine check timeouts point to deep hardware failures affecting CPU and memory."
[FATAL] data TLB error interrupt (repeated 10 times),Heavy data TLB error flooding suggests severe breakdown of virtual memory and memory access paths.
"[FATAL] ciod: Error loading /<*>: invalid or missing program image, Exec format error (many times) [FATAL] ciod: LOGIN chdir(<*>) failed: No such file or directory","Repeated program load failures, missing files, and chdir login failures signal severe filesystem and node management failure."
"[INFO] CE sym <*>, at <*>, mask <*> (multiple times) [FATAL] ciod: Error reading message prefix after LOAD_MESSAGE [INFO] critical input interrupt for torus y+ wire","Link severing, critical interrupts, and cache errors show critical instability in node hardware and memory interconnects."
[INFO] ciod: Missing or invalid fields on node map file [FATAL] rts: kernel terminated for reason <*> [FATAL] ciod: LOGIN chdir(<*>) failed: No such file or directory [INFO] core files generated,"Invalid node map fields, kernel panics, and login errors indicate deep system configuration corruption and job scheduler instability."
"[FATAL] Lustre mount FAILED, multiple MACHINE CHECK DCR read timeouts, repeated system signals",Repeated Lustre mount failures and continuous machine check timeouts point to critical hardware instability and memory access faults.
"[INFO] iar <*> dear <*> logs, floating point alignment exceptions, fatal tree network packet mismatch, privileged instruction program interrupt","Floating point exceptions, tree network packet mismatches, and privileged instruction failures indicate computation and interconnect corruption."
"[FATAL] Error loading program image (Permission denied), retransmission errors, multiple received signals, Lustre mount failure","Permission denied errors when loading programs, combined with network retransmission faults and Lustre failures, point to storage and communication breakdown."
"[FATAL] Severed CioStream link, repeated failed program image loads, CE correctable memory errors, interrupt suppressions",Severed communication links and repeated program loading failures indicate deep filesystem corruption and critical network instability.
"[INFO] multiple core generations, [FATAL] kernel terminated with bad message header, floating point alignment exceptions","Multiple core dumps, floating point errors, and fatal header parsing issues show widespread memory corruption and CPU communication failure."
"[FATAL] Data TLB error interrupts mixed with CE memory errors, message code mismatches, fatal data storage interrupts","Mixed memory correctable errors, message protocol mismatches, and fatal TLB faults indicate escalating node instability and memory corruption."
[FATAL] Heavy repeated data TLB error interrupts (10 times),"Massive repeated TLB errors show complete memory address translation collapse, making the node unable to continue operations."
"[INFO] generating many core files, [FATAL] failed to read message prefix on control stream (communication failure)",Mass core dumps with communication failures during control stream operations show fatal system communication and scheduling breakdown.
"[INFO] MACHINE CHECK DCR read timeouts, multiple system signals received, [FATAL] CioStream socket timeouts and connection resets","Continuous machine check faults, severed communication links, and repeated connection resets suggest critical hardware and memory controller failure."
"[INFO] Corrected DDR memory errors, [FATAL] program loading failure, critical input interrupt warnings, tree network resyncs, kernel termination, packet errors, CE errors","Repeated DDR memory corrections, filesystem loading failures, packet errors, and kernel terminations indicate serious node instability and hardware degradation."
[FATAL] data TLB error interrupt (repeated 10 times),"Heavy repeated TLB errors indicate severe breakdown in memory address translation, crippling node functionality."
"[FATAL] Lustre mount failures, node card VPD mismatches, torus input errors, login chdir failures, CE errors","Frequent Lustre mount failures, node card mismatches, and login errors suggest severe storage system and hardware mapping failures."
"[INFO] Corrected DDR memory errors, [FATAL] kernel terminated, iar/dear logs, floating point alignment exceptions, core file generations","Mixed DDR memory corrections, floating point alignment faults, and kernel termination show node instability and memory corruption."
"[INFO] Repeated MACHINE CHECK DCR read timeouts, system signals, [FATAL] CioStream connection resets and timeouts",Continuous machine check timeouts and severed communication links point to critical CPU and memory controller failures.
[FATAL] data TLB error interrupt (repeated 10 times),"Persistent massive TLB errors indicate collapse of memory page management systems, halting node operations."
"[INFO] Core file generations, [INFO] CE correctable errors, [FATAL] data TLB errors and repeated TLB faults",Continuous core dumps with frequent CE memory errors and TLB faults highlight severe CPU and memory faults causing node crashes.
"[INFO] Floating point alignment exceptions, core files generated, DDR memory corrections, [FATAL] kernel termination, tree network packet errors","Floating point errors, tree network packet failures, and critical interrupts suggest communication and memory subsystem degradation."
"[FATAL] Login directory failures, invalid or missing program image errors, communication severed after LOAD_MESSAGE, invalid node map fields","Repeated login failures, missing program images, node map corruption, and severed links point to filesystem and communication system collapse."
"[INFO] Suppressed interrupts, corrected DDR memory errors, tree network resyncs, core file generations, [FATAL] communication severed after LOAD_MESSAGE, data cache parity errors","DDR memory corrections, core dumps, tree receiver resyncs, and parity cache errors point to escalating node hardware degradation and instability."
"[FATAL] multiple data storage interrupts, instruction address faults (overwriting memory or CPU failure)",Massive storage interrupts and instruction address faults point to major memory corruption and CPU instruction fetch failures.
"[INFO] CE sym mask corrections, [INFO] DDR memory corrections, [FATAL] minus normalized/fraction rounded errors, Lustre mount failures",Memory errors and storage system failures along with Lustre mount problems suggest critical filesystem corruption and data handling faults.
"[FATAL] multiple data storage interrupts and many instruction address faults, followed by storage interrupts again",Repeated storage interrupts and invalid instruction address accesses indicate full collapse of node memory and CPU stability.
[FATAL] data TLB error interrupts (10 times repeated),Continuous TLB error interrupts signal total breakdown of address translation hardware in the memory subsystem.
"[INFO] CE sym corrections, [FATAL] invalid/missing program image load errors, severed message links, memory corrections, DDR error recoveries","Filesystem loading errors, severed links, and repeated memory corrections reveal severe node instability and communication subsystem failures."
[FATAL] repeated data TLB faults mixed with message code mismatches and data storage interrupts,Heavy data TLB errors combined with message mismatches and storage faults suggest escalating memory and protocol corruption.
"[INFO] Node VPD mismatches, torus receiver errors, [FATAL] Lustre mount failures, login chdir failures, CE memory errors, debugger crashes","Hardware VPD mismatches, network input errors, and Lustre mount problems indicate severe hardware misconfiguration and storage faults."
"[INFO] instruction cache parity corrections, [INFO] double-hummer alignment exceptions, [FATAL] failed control stream reads, CE errors, core generations","Instruction cache parity errors, double-hummer alignment faults, and control stream failures show deep CPU and cache corruption issues."
"[INFO] core file generations, [FATAL] repeated TLB faults (memory address translations failing)",Frequent core file generations combined with massive repeated TLB faults indicate catastrophic failure of memory management systems.
"[INFO] generating core files, [FATAL] program load failures, RTS panic termination, indicating total system crash",Program load errors and RTS panic stop conditions show total kernel instability and unrecoverable system crashes.
"[FATAL] severed communication links, corrected DDR errors, invalid/missing program images, critical input interrupts, debugger died","Severed communication, program loading failures, critical interrupts, and repeated DDR error corrections indicate node instability and hardware failures."
"[INFO] DDR corrections, [FATAL] minus normalized errors, Lustre mount failures, scratchpad size warnings, integer alignment exceptions","Memory errors, storage mount failures, alignment exceptions, and system warnings highlight widespread hardware degradation and configuration faults."
"[FATAL] invalid program image loads, core file generations, memory corrections, tree receiver resyncs, kernel terminations, network packet failures","Filesystem load failures, memory corruption, kernel panics, and packet errors point to system-wide communication and storage subsystem collapse."
"[FATAL] multiple Lustre mount failures, login directory failures, node card VPD mismatches, torus receiver input errors",Frequent Lustre mount failures and node card VPD mismatches indicate severe hardware mapping and storage access failures.
"[FATAL] repeated program image permission denied errors, severed communication links, CE memory corrections",Program load failures combined with severed communication links and memory faults suggest critical filesystem and network communication breakdown.
"[FATAL] kernel termination due to bad message header, debug wait hangs, floating point alignment exceptions, core dumps","Bad message headers, debug waits, and alignment errors leading to core dumps show CPU communication breakdown and kernel-level crashes."
"[INFO] core files generated, [FATAL] Lustre mount failures, login chdir failures, memory corrections, node card mismatches","Mass Lustre mount failures, login failures, and node hardware mismatches indicate system storage and interconnect corruption."
"[FATAL] repeated communication severing after LOAD_MESSAGE, Lustre mount failures, Ido chip status changes, power supply errors detected","Repeated severed links, hardware status faults, and power instability show deep hardware degradation affecting core system operations."
[FATAL] repeated data storage interrupts mixed with invalid instruction addresses and faulty memory accesses,"Frequent storage faults, invalid memory accesses, and instruction fetch failures signal major CPU and memory corruption leading to fatal node crashes."
